female,memberships,age,protestant,post_weights,region
1,1,1.5,0,1.0039442,326
0,3,-0.6,,1.3765,326
1,1,2,0,0.5019209,326
0,0,0,0,0.4866335,326
1,0,1.4,0,0.4290148,326
0,0,-0.1,0,1.4183729,326
0,0,0.8,0,1.2934556,326
0,0,-0.4,0,1.2934556,326
0,2,2.2,0,1.6335075,326
0,3,-0.2,1,0.9733664,326
1,0,2.4,0,1.0589412,326
1,0,2.2,0,1.0589412,326
1,0,-0.1,0,1.0593923,326
1,6,-1,0,1.1534517,326
0,2,-0.3,0,0.7091141,326
0,1,1,0,0.64666176,326
1,0,1.5,0,0.5294166,326
0,0,-1.3,0,1.3765,326
0,1,0.6,0,0.64666176,326
0,1,1.3,0,0.4866335,326
1,2,-0.7,0,1.1804466,326
1,0,-0.5,0,0.8581172,326
1,0,0.1,0,0.8581172,326
0,0,2.5,0,2.1238115,326
0,2,0,0,0.7091141,326
0,1,-1.2,0,1.5490514,326
1,1,0,0,0.8581172,326
0,0,0.1,0,0.9733664,326
1,0,-0.9,0,0.6447758,326
1,0,1.3,0,0.7062856,326
0,0,-1.2,0,2.0646799,326
0,1,-0.9,,1.3765,326
0,0,0.4,0,0.64666176,326
0,2,1,0,1.2934556,326
0,1,-0.6,0,1.4258857,326
0,0,-0.8,0,0.68817973,326
1,1,0.5,0,0.4290148,326
1,0,1.3,0,1.0593923,326
0,0,-0.2,0,1.4183729,326
1,1,1.5,0,0.7246766,326
1,0,0.6,0,0.8581172,326
1,1,-0.5,0,0.5530827,326
0,1,-1.2,0,0.71287006,326
0,1,0.1,0,0.9733664,326
0,0,-0.9,0,0.68817973,326
1,1,0.8,0,0.5530827,326
1,1,0.7,0,0.5530827,326
0,1,-0.1,0,1.4599999,326
1,0,0.2,0,0.5530827,326
0,1,0.8,0,1.4183729,326
0,0,1,0,1.4183729,326
0,1,1.2,0,1.4183729,326
0,2,1,0,1.2934556,326
0,1,2,0,0.42472765,326
0,1,2.3,0,0.84954196,326
1,1,0.9,1,1.659361,326
0,1,1.3,0,2.127487,326
0,0,2.4,0,1.6335075,326
0,2,0,0,1.2934556,326
0,1,0.5,0,0.64666176,326
1,1,-0.8,0,1.1534517,324
1,1,-1.1,0,0.5901631,326
1,1,0.4,0,1.1062783,326
1,2,-1.3,0,1.1804466,326
0,0,0.5,0,0.4866335,326
0,0,-1.2,0,2.3234982,326
1,1,0.6,0,0.8581172,326
1,0,1.7,0,0.7246766,326
1,3,-0.2,0,1.1062783,326
0,0,2,0,1.6335075,326
1,3,0,1,1.1062783,326
1,1,1.3,0,0.35310677,327
0,3,1.5,0,0.65757006,327
1,1,0.2,0,0.8581172,327
1,2,-0.7,1,0.6447758,327
1,1,0.5,0,0.5530827,327
1,1,1.1,0,1.0593923,327
1,2,1.1,0,1.0593923,327
1,0,1.1,0,0.35310677,327
1,3,0.3,0,0.8581172,327
1,2,-1.5,0,0.576667,327
0,4,1.7,0,0.65757006,327
0,2,1.4,1,1.4183729,327
1,1,-1.1,0,1.2896832,327
1,0,0,0,0.8917895,230
1,1,-0.5,0,0.69174266,230
0,4,-1.2,1,0.5746565,230
1,1,0.8,0,1.783579,230
1,2,1.5,0,1.1684672,230
0,0,-0.7,,1.1096196,230
0,0,1.9,0,1.3167977,230
0,1,-1.3,0,1.2487164,230
1,0,0.9,0,1.3376387,230
1,1,-1.1,0,0.9298167,230
0,1,1.6,0,0.68483,230
1,1,1.2,0,0.69174266,230
1,1,-1.4,1,0.9298167,230
1,0,0.1,0,0.69174266,230
1,1,0.6,0,0.56934863,230
1,1,-1.4,0,1.0396352,230
1,1,1.6,0,0.42677158,230
1,3,1.8,1,0.85363024,230
1,0,-0.2,0,0.69174266,230
1,0,0.9,0,1.1062783,327
0,3,-1.2,0,1.5490514,327
1,0,-0.2,0,0.7062856,327
0,1,-0.1,0,1.2934556,327
0,1,1.5,0,0.65757006,327
0,0,1.5,0,0.42472765,327
1,2,1.6,0,1.0589412,327
1,0,0.8,0,0.7062856,326
1,0,0.2,0,1.0593923,326
0,0,0.6,0,1.2934556,326
0,1,0.8,0,2.8367457,326
1,3,2.4,0,0.7246766,326
0,1,0,0,1.4183729,326
1,0,0.8,0,1.0593923,326
0,1,-0.2,0,0.9733664,326
0,1,-0.3,0,1.2934556,326
1,1,1.6,0,1.0589412,326
1,3,0,0,0.7062856,326
0,2,2.1,0,0.65757006,326
1,2,0.3,0,0.5530827,326
0,0,1.6,0,0.65757006,326
0,1,2.3,0,0.84954196,326
1,0,-0.8,0,1.1534517,326
1,0,1.5,0,0.7246766,326
1,1,-1,0,1.1534517,326
0,7,1.5,0,0.65757006,325
1,0,0.2,0,1.1062783,325
1,0,0.7,0,1.4125712,325
0,0,1.1,0,0.9733664,325
1,2,-0.4,0,1.1062783,325
1,3,0.8,0,0.7062856,325
1,1,0.2,1,1.1062783,325
1,1,-0.2,0,1.1062783,325
1,0,1.7,0,1.5883578,326
1,0,1.4,0,0.7062856,325
0,1,-1.1,0,1.3765,325
1,2,0.7,0,1.0593923,325
1,1,-0.9,0,1.1534517,325
1,1,-0.9,0,1.1534517,325
1,2,1,0,0.4290148,325
0,0,1.6,0,0.32875147,325
1,1,0.6,0,1.4125712,325
1,1,1.1,0,0.7062856,325
0,1,-1.2,0,0.71287006,325
1,0,-0.7,0,1.1534517,325
0,4,1.3,0,0.9733664,325
0,1,1.5,0,0.84954196,325
1,1,2.1,0,0.5294166,321
1,2,-1,0,1.1534517,321
0,1,0.9,0,2.9200993,321
0,0,1.9,0,0.65757006,321
1,1,0.2,0,0.7062856,321
0,4,0.4,0,0.64666176,321
0,0,-0.3,0,0.9733664,321
1,0,-0.3,0,1.1062783,321
0,3,1,0,2.5869112,321
1,1,0.3,0,0.5530827,321
0,4,1.3,0,0.9733664,321
0,1,-0.6,0,0.77444667,321
1,3,0.5,1,0.8581172,321
1,0,-1,0,0.576667,321
0,0,0.7,0,1.4599999,321
1,1,-1.5,0,1.1534517,321
1,2,-0.4,0,1.1062783,321
0,0,1.7,0,1.6335075,321
1,1,-1,0,0.576667,321
1,1,-0.1,0,1.659361,321
0,2,0.6,0,1.4183729,321
0,3,-0.5,0,1.2934556,321
1,0,0.1,0,0.35310677,321
0,1,0.4,0,1.9467328,321
0,2,-0.9,0,2.3234982,321
1,4,-0.2,0,0.7062856,321
1,1,0.2,0,0.7062856,322
0,6,2.5,0,0.65757006,322
1,0,1,0,0.7062856,322
1,5,1.4,0,0.8581172,322
1,1,-0.6,0,1.2896832,321
0,0,-1.5,0,0.68817973,321
1,1,0.9,0,1.0593923,321
1,1,-0.5,0,0.8581172,321
0,1,-0.3,0,1.4183729,322
0,0,1,0,2.8367457,322
1,0,1.3,0,0.7062856,322
1,1,1.5,0,1.0589412,322
1,2,-0.1,0,0.7062856,321
0,4,-0.6,0,0.77444667,321
1,1,2.1,0,0.5294166,321
1,1,0.1,0,1.1062783,321
1,0,-0.4,0,1.1062783,321
1,0,-0.1,0,0.8581172,321
1,0,0.8,0,1.287132,321
0,0,2.4,0,0.84954196,321
1,1,2.1,0,1.0589412,321
0,4,2.1,0,0.8166704,321
0,2,1.6,0,1.6335075,321
1,1,1.1,0,1.0593923,321
1,0,0.5,0,0.35310677,321
0,3,1.7,0,1.2742696,321
1,1,1.4,0,1.659361,321
0,5,0.9,0,0.64666176,321
0,1,-0.6,0,0.68817973,321
1,7,2.2,0,0.5294166,321
1,0,2.2,0,1.0589412,321
0,1,1.8,0,1.6335075,321
1,1,1.8,0,1.5883578,321
1,0,-0.8,0,1.2896832,321
1,2,0.3,0,0.5530827,322
0,1,1.7,0,0.65757006,322
0,0,-0.2,0,1.4183729,322
0,0,-0.2,0,1.4183729,322
0,0,0.5,,1.4599999,322
1,0,1.7,0,0.5294166,322
1,0,2.2,0,1.0589412,322
1,2,-0.4,0,1.1062783,322
0,1,2.4,0,0.84954196,322
1,1,-1,0,1.1534517,322
0,1,1,0,2.8367457,322
1,1,0,0,1.287132,322
0,1,1,0,0.4866335,322
1,1,0,0,0.8581172,322
0,4,2.1,1,0.65757006,322
0,8,2.4,1,0.65757006,322
1,0,2.4,0,0.7246766,322
1,4,0.2,1,0.8581172,322
0,1,0.6,0,0.7091141,322
0,2,2.1,0,1.6335075,322
1,1,1.4,1,0.4290148,323
1,4,0.2,0,0.7062856,323
0,0,0.1,0,0.9733664,323
1,1,0,0,0.8581172,323
1,2,1.3,1,1.0593923,323
1,4,-1.5,0,1.2896832,322
1,0,1.5,0,1.0589412,323
1,1,1.1,0,0.5530827,323
0,0,1.7,0,0.84954196,323
0,1,0,0,0.7091141,323
1,0,-0.6,0,1.1534517,323
1,0,0.5,0,0.8581172,323
1,5,2.5,,1.0039442,323
1,1,-1,0,1.1534517,323
1,0,0.4,0,1.287132,323
1,0,1.5,0,1.0589412,323
1,2,-0.1,0,1.1062783,323
1,1,-0.7,0,1.1534517,323
1,2,-0.4,0,1.1062783,323
1,0,1.7,0,0.5294166,324
0,4,-1.3,0,2.3234982,324
0,0,-0.6,0,0.71287006,324
1,1,1.6,0,0.5019209,324
0,0,0.1,0,1.4183729,324
1,0,1,0,2.2125566,324
1,2,1.4,0,1.1062783,324
1,3,0.5,0,1.659361,324
0,1,0.2,0,0.9733664,324
1,3,-1.3,0,1.1804466,324
1,2,0.4,0,0.4290148,324
1,0,1.4,0,0.4290148,324
0,2,1.9,0,2.1238115,324
1,2,-0.7,0,1.1804466,324
1,1,-0.3,0,0.8581172,324
1,1,2.1,0,1.0589412,324
0,2,1.9,0,0.65757006,324
1,3,1.1,0,1.1062783,324
1,0,0.6,0,0.7062856,324
0,1,1.7,1,0.84954196,323
0,1,1,0,3.5458598,324
1,1,0.5,0,0.8581172,324
1,1,-0.2,0,0.8581172,324
0,0,1.5,0,0.84954196,326
1,2,0.5,0,2.2125566,326
1,3,-0.3,0,0.8581172,326
0,0,0.5,0,0.4866335,326
1,4,1.9,0,1.4495012,326
1,3,0.3,0,1.0593923,326
0,0,-1,0,1.5490514,326
0,1,0.8,0,2.8367457,326
1,1,1.6,0,1.0589412,326
1,1,0.5,0,0.6728136,331
1,0,-0.1,0,1.0538499,331
1,1,1.1,0,1.659361,326
0,6,0.2,0,1.2321565,331
0,0,-1,1,1.3112653,331
1,2,1.6,0,1.0087563,331
1,0,1.8,0,1.0087563,331
0,1,-0.5,0,0.9272369,331
1,4,2.2,1,1.0087563,331
1,0,0.6,1,0.6728136,331
1,4,2.5,1,1.3808069,331
1,2,-0.2,1,0.81744957,332
1,1,0.9,0,1.0538499,332
0,3,2.4,0,1.5560929,331
1,0,-0.9,0,1.228563,331
1,2,2.5,1,0.690333,331
0,1,1.1,0,0.6160154,332
0,1,2.2,0,0.6264067,332
0,4,1.8,0,0.6264067,332
0,1,-0.2,0,0.67550796,332
0,0,1.3,1,0.67550796,332
0,4,2.2,0,1.5560929,332
1,0,0.4,0,0.4086831,332
0,0,1.8,0,0.4045991,332
1,2,1.2,0,1.5807211,332
1,1,1.7,0,0.9563656,332
1,0,1.4,0,1.009186,332
1,3,-1,0,1.0987877,332
0,1,-1.3,0,1.3583106,332
0,4,0.4,0,1.3908081,333
1,1,-1,0,1.228563,333
0,1,-1.3,0,0.67908597,331
1,2,-1.2,0,1.1245033,331
1,1,0.4,0,0.81744957,331
0,0,1,0,2.0266619,331
1,0,-1.2,0,0.5493378,331
0,3,1.1,0,1.2321565,331
1,0,-0.7,0,0.5493378,331
1,0,2.4,1,0.690333,331
0,2,0.1,0,0.9272369,331
0,1,-0.4,0,1.2321565,331
1,0,-0.7,0,1.228563,331
1,1,-1.3,0,1.1245033,331
0,3,1.6,1,0.6264067,331
0,1,0.2,0,1.2321565,331
1,0,-0.2,0,0.81744957,331
0,4,0.2,0,0.6160154,331
1,1,-0.9,0,1.8427818,331
0,1,1.4,1,1.3511539,331
0,2,-1.2,0,0.7377444,331
0,4,-0.3,0,0.9272369,331
1,0,-0.5,1,1.0538499,331
0,2,-0.3,0,1.3511539,334
1,1,0.2,1,0.5268712,334
0,1,-0.7,0,2.0373964,334
1,0,1.4,0,1.009186,334
1,0,-1.1,0,1.0987877,334
1,0,1.1,0,0.6728136,334
1,0,1.3,0,0.4086831,334
0,0,-0.1,0,1.2321565,334
0,0,2,0,1.5560929,334
0,1,0.6,0,1.3511539,334
0,0,-0.4,0,1.2321565,334
1,1,0.1,0,0.81744957,332
1,0,-1,0,1.1245033,332
0,4,-1,1,1.3583106,332
0,1,-1.3,0,0.6555658,332
0,2,-1.3,0,0.67908597,332
0,5,0.8,0,0.6160154,332
1,0,-0.1,0,0.6728136,332
1,4,-0.8,0,1.1245033,332
1,3,-1.2,0,1.1245033,332
0,1,2,0,0.3131714,332
1,3,-1.2,0,0.5621943,332
1,1,-0.3,0,1.0538499,332
0,2,-0.5,0,1.3511539,332
0,0,0.2,0,1.3908081,332
1,0,-0.9,,0.6142188,332
0,0,-0.6,,1.3112653,332
1,1,-0.6,0,0.5493378,332
0,0,1.8,0,0.77796704,332
1,0,-0.8,0,1.228563,332
1,0,2.4,0,1.0087563,332
0,0,2,0,2.33406,332
1,0,2,0,0.690333,332
0,0,2.1,0,1.5560929,332
1,1,0,1,1.0538499,332
1,1,-0.1,0,1.0538499,332
0,2,1.6,0,1.2138798,332
0,2,-1.4,0,0.7377444,332
1,3,0.1,0,1.2261326,332
0,2,-0.3,0,1.3511539,332
1,4,1.4,0,0.4086831,332
0,0,-0.8,,1.3583106,332
0,1,-0.7,0,0.7377444,332
1,0,0.3,0,0.5268712,332
0,0,2.4,0,0.77796704,332
0,2,-0.5,0,0.6160154,332
1,0,2.5,0,0.690333,332
1,2,1,0,0.4086831,332
0,1,2.4,1,0.6264067,332
0,2,-0.7,0,1.3112653,332
1,1,1.3,0,1.009186,332
1,0,-0.8,0,1.0987877,332
0,4,0.4,0,0.6160154,332
0,2,0,0,1.2321565,332
0,2,-0.6,0,1.3583106,333
1,4,-0.1,0,0.81744957,333
1,1,0.2,0,0.4086831,333
1,0,1.1,0,0.6728136,333
0,0,0.8,1,0.67550796,333
0,2,1.1,0,1.2321565,333
1,1,-0.8,0,1.1245033,333
1,6,0.3,0,0.81744957,333
0,0,0.8,0,2.7023077,333
0,0,-0.6,0,1.4756393,333
0,2,-0.8,0,0.7377444,333
0,2,-0.1,0,1.3511539,332
1,2,-1.3,1,0.5621943,333
0,4,1.2,0,1.848172,332
0,0,0.8,0,2.0266619,335
0,3,-0.2,0,1.2321565,335
0,4,1.3,0,2.464313,335
1,1,-0.8,0,1.0987877,335
0,0,0,0,1.3511539,335
0,0,0.3,0,1.3511539,335
0,1,-0.4,0,0.9272369,333
1,1,1.5,0,0.690333,333
1,2,-0.8,1,1.228563,333
1,1,-0.9,0,1.0987877,333
1,1,1.6,0,1.0087563,333
0,0,0.1,0,1.2321565,333
1,1,2.2,0,0.47813398,333
0,3,0.9,1,1.3908081,333
1,2,2,0,1.3808069,332
1,0,0.4,0,1.0538499,332
0,1,0.2,1,1.3511539,332
1,1,0.4,0,1.0538499,332
1,1,-1.3,0,1.0987877,332
1,0,0,0,1.009186,332
1,1,2.5,0,1.0087563,332
1,0,2.5,0,1.0087563,332
0,0,-0.3,0,1.3511539,334
0,2,-1,1,1.4756393,334
0,0,0.4,0,0.67550796,334
0,1,1.5,0,0.6264067,334
1,1,0,1,1.009186,334
1,0,1.2,0,0.6728136,334
1,4,1.6,1,1.513083,334
1,3,-0.3,0,0.81744957,334
1,1,0.4,1,0.81744957,334
0,0,0.4,0,1.3511539,334
0,1,1.6,0,0.6264067,334
1,2,-0.1,1,0.81744957,334
0,2,0.3,1,1.2321565,334
0,0,-0.4,0,1.3511539,334
1,1,-0.6,0,1.228563,334
0,1,1,0,1.848172,334
0,1,0.4,0,0.9272369,334
1,1,1.1,0,1.009186,335
0,0,-1.4,0,1.3112653,335
1,2,1.2,0,0.81744957,335
1,2,0.5,0,0.4086831,335
0,1,2.2,0,0.80928075,335
1,0,0,0,0.33637246,335
1,0,1.6,0,0.50432664,335
0,3,0.2,0,1.3511539,335
1,1,-1,0,1.228563,335
1,3,-0.5,0,1.0538499,335
0,1,0.6,0,1.2321565,335
1,0,2.3,0,0.9563656,335
1,3,-1.2,1,1.0987877,335
1,0,-0.7,0,1.0987877,335
1,2,1.6,1,1.0087563,335
1,0,-0.8,0,1.1245033,335
1,3,0.9,0,0.81744957,335
1,2,2.4,0,0.690333,335
1,1,0,0,1.0538499,335
1,2,-1,1,1.0987877,336
1,1,0.6,0,1.009186,336
0,2,0.4,1,2.318045,336
1,0,1.8,0,1.0087563,336
0,3,-1.1,1,2.7166212,335
0,0,2.5,1,1.2138798,335
1,1,-0.3,0,1.0538499,335
0,0,1.5,0,1.5560929,335
1,2,0.7,0,1.009186,335
1,2,-0.8,0,1.1245033,335
1,0,1.3,0,1.0538499,335
0,1,-1,0,1.4756393,335
1,0,1.2,0,1.009186,335
1,0,1.9,0,0.50432664,335
1,1,-1.2,0,1.1245033,335
1,0,1.9,0,0.50432664,335
1,2,0.5,0,0.4086831,335
1,1,-1.2,0,1.1245033,335
0,1,1,0,1.2321565,335
1,0,0.2,0,0.4086831,335
1,0,1.9,0,0.690333,335
0,2,1.3,0,1.2321565,335
1,2,-0.2,0,0.81744957,335
1,0,-0.3,0,0.6728136,335
0,1,-0.1,0,0.6160154,335
1,0,0,0,0.81744957,335
1,0,2.3,1,0.9563656,335
0,3,1,0,1.3511539,335
0,4,1.1,0,1.2321565,335
1,0,0.7,0,1.009186,335
1,0,1.7,0,0.47813398,335
0,7,1.8,0,0.9395781,335
1,1,0,0,0.81744957,335
1,1,-1.1,0,1.0987877,335
1,3,0.1,0,1.009186,335
1,0,0.2,0,0.81744957,335
1,0,-0.2,0,0.5268712,335
1,0,1.1,0,0.6728136,335
0,0,0.3,0,1.3511539,335
0,2,0.3,0,1.2321565,335
1,1,1.4,1,0.4086831,335
1,1,1.9,0,0.50432664,335
0,1,1.4,0,0.9272369,335
1,0,0.5,0,0.6728136,335
0,2,1.2,0,1.3511539,335
0,0,-1,1,0.67908597,335
0,1,0,0,1.3511539,335
1,0,-0.9,0,1.0987877,335
1,1,-0.8,0,0.5493378,335
0,1,-0.4,0,0.6160154,335
0,1,1,1,0.6160154,335
1,1,-1.3,0,0.5621943,335
0,0,0.2,0,0.9272369,335
0,0,-1,,1.4756393,335
0,1,0,,1.3908081,335
0,1,1.3,0,0.46357116,335
1,1,1.1,,0.6728136,335
0,1,0,0,0.9272369,335
1,1,-0.6,0,1.0987877,335
0,0,1.6,0,1.5560929,335
0,0,1.6,0,0.80928075,335
1,4,0.8,0,0.6728136,335
0,2,-1.5,0,3.689023,335
1,0,2.3,0,1.0087563,335
0,0,0.2,0,0.9272369,335
1,2,-0.3,0,0.5268712,335
1,2,1.9,1,0.50432664,335
1,0,2.1,1,1.0087563,335
1,0,1.7,0,0.690333,335
1,1,-1.5,1,1.0987877,335
1,0,-0.5,0,0.33637246,335
1,0,-1,0,0.6142188,335
1,2,-1,1,1.0987877,335
0,2,1.6,1,0.80928075,335
0,0,-1,0,1.3112653,335
0,0,2.5,0,1.5560929,335
0,2,-0.4,0,0.46357116,335
0,0,1.5,0,0.9395781,335
1,1,0.7,0,1.009186,335
1,0,-0.2,0,0.33637246,335
1,0,-0.7,0,1.0987877,335
1,1,0.4,0,2.634571,335
1,1,-0.7,0,1.0987877,335
1,0,-0.7,0,1.0987877,335
0,1,-0.4,0,0.46357116,335
1,1,0.1,0,0.81744957,335
1,0,-0.6,0,0.5493378,335
0,2,2.5,0,0.3131714,335
1,0,1.9,0,1.0087563,335
0,0,0.2,0,1.2321565,335
1,0,1.4,0,1.0538499,335
0,5,1,0,1.2321565,335
1,0,0.6,0,0.4086831,335
1,0,-0.5,0,0.6728136,335
1,3,0.4,0,1.009186,335
1,1,0.3,0,1.0538499,335
1,1,1.7,0,0.690333,335
1,1,2.5,0,0.690333,335
1,1,1.4,0,1.009186,335
1,0,1.6,0,1.0087563,335
0,4,0.7,0,0.9272369,335
1,2,2.3,0,0.690333,335
0,2,-1.4,1,1.4756393,335
0,0,0.3,1,1.3511539,335
0,1,-0.7,0,1.3112653,335
1,1,1.4,0,1.5807211,335
1,0,1,0,0.6728136,335
0,0,1.5,1,0.80928075,335
0,0,2,1,1.5560929,335
1,0,0.9,1,1.3456272,335
1,1,0.6,0,1.5807211,335
1,2,0.3,0,1.5807211,335
1,1,-0.6,0,1.0987877,335
1,0,-1.2,0,0.5493378,335
1,2,-1.2,1,1.1245033,335
1,0,-0.7,0,1.228563,336
1,1,0,1,0.6728136,335
1,0,1.9,0,0.690333,336
1,0,-0.1,,1.009186,336
1,1,0.9,0,1.5807211,336
1,2,2.3,0,0.9563656,336
0,2,2.2,1,2.33406,336
1,0,0.9,0,0.6728136,336
1,2,2.2,0,0.50432664,336
1,1,0.3,0,0.81744957,336
1,4,0.8,0,2.1076999,336
1,1,-0.6,0,1.228563,336
1,1,-0.5,0,0.6728136,336
0,0,0.7,0,0.46357116,336
1,0,1.1,0,1.0538499,336
0,5,1.8,1,1.5560929,336
1,1,1.8,1,1.0087563,336
1,1,1.5,1,0.47813398,336
1,0,1.1,0,0.6728136,336
1,1,-0.9,0,1.1245033,336
0,3,0,,1.3908081,336
0,0,1.2,0,2.7023077,336
1,2,0.3,1,0.5268712,336
0,0,2.1,0,0.80928075,336
0,0,1.8,0,0.80928075,336
1,2,2.4,0,0.50432664,336
1,2,2,0,0.50432664,336
1,0,2.3,0,1.0087563,336
0,2,0.5,1,0.46357116,336
0,8,1.6,1,0.6264067,336
0,3,0,0,1.2321565,336
1,1,1.7,1,1.0087563,336
0,5,1.1,1,1.3908081,336
1,1,0.4,0,1.3456272,336
0,2,2.2,1,1.2138798,336
0,2,-0.7,1,1.4756393,336
1,0,-0.7,0,1.228563,336
1,1,0.6,0,0.94906855,310
0,4,-0.5,0,0.8720012,310
1,0,-0.8,0,1.1553771,310
0,1,1.8,0,0.88360715,310
1,2,1.6,0,1.2985518,310
1,1,0.4,0,0.49548534,310
1,2,-0.1,,0.7687539,310
1,1,0.5,0,0.6327339,310
0,4,1.6,0,0.5890915,310
1,0,-0.5,0,0.94906855,310
1,2,-0.2,0,0.7687539,310
0,2,0,0,1.2706652,310
1,2,-1.2,1,1.0575163,310
1,6,0.4,1,0.9910718,310
0,2,-0.7,0,1.2773956,310
0,2,0.2,0,1.1587566,310
1,1,-0.7,0,1.0333326,310
0,1,0.2,0,0.8720012,310
1,1,-0.5,0,0.6327339,310
0,5,-0.1,0,1.1587566,310
1,2,1.6,1,0.94866437,310
1,2,-0.4,0,0.7687539,310
0,3,0.2,0,0.5793192,310
0,1,0.9,0,1.1587566,310
1,3,-1.2,0,0.5287042,310
1,3,-1.4,0,1.0575163,310
1,4,1.1,0,0.6327339,310
0,0,-0.4,0,1.1587566,310
1,1,0,0,1.2654678,310
0,1,0.1,0,0.8720012,310
0,1,-0.9,0,0.69379675,310
0,4,-0.6,0,1.8496665,310
0,0,1.8,0,1.1415687,310
0,1,0.5,0,0.5793192,310
0,0,-0.4,0,1.2706652,310
0,1,-0.8,0,1.2773956,310
1,2,1.6,0,0.47428378,310
1,5,1.7,0,0.44965142,310
1,4,2.3,0,0.94866437,310
1,0,1.8,0,0.6492097,310
1,3,0.9,0,0.38433772,310
1,3,-1.4,0,1.0575163,310
1,2,-0.2,0,0.7687539,310
0,2,-1,0,1.2773956,310
0,0,-0.4,0,1.1587566,310
1,2,2.3,0,0.8993946,310
1,1,-0.2,0,0.7687539,310
1,1,-1.1,0,2.6437368,310
1,5,0.1,0,0.6327339,310
1,1,1.5,1,0.94866437,310
1,2,-1,0,1.0333326,310
0,1,0.2,0,1.1587566,310
0,5,0.3,1,0.4359561,310
1,1,1.4,1,1.1530915,310
1,2,1.7,0,0.47428378,310
0,2,-1.2,0,0.69379675,310
0,2,-0.5,0,1.2706652,310
0,2,-0.1,1,1.2706652,310
1,1,-0.8,0,0.5166136,310
0,0,0.1,0,0.8720012,310
0,3,0.1,0,1.1587566,310
1,1,0.3,0,0.9910718,310
0,1,1.2,0,0.4359561,310
1,1,-1,0,0.5287042,310
1,1,0,0,0.7687539,310
1,1,-0.2,0,0.38433772,310
0,1,0.5,0,1.2706652,310
1,1,-1.5,,1.0333326,310
1,2,1.3,0,0.9910718,310
0,1,0.6,0,0.8720012,310
0,1,-1.3,0,0.69379675,310
1,0,1.5,0,1.2985518,310
0,4,-0.4,1,0.4359561,310
0,2,1.1,0,2.5413303,310
0,2,-0.5,1,1.2706652,310
1,2,-0.1,0,0.9910718,310
0,3,0.3,1,1.7380759,310
0,0,-1.1,0,1.9160283,310
1,5,0.2,1,1.3943884,221
1,1,0.1,0,0.9296239,221
1,2,1,1,0.49548534,310
1,0,-0.1,0,0.9910718,310
0,1,0.4,0,1.3079573,310
1,2,0.8,1,2.477629,310
1,3,-1.5,0,0.5287042,310
0,2,0.1,0,0.5793192,310
1,1,1.9,0,0.8993946,310
1,0,0.7,0,0.6327339,310
1,0,1.7,0,0.44965142,310
0,0,-0.4,0,1.1587566,310
1,2,1,0,0.7687539,310
0,3,1.2,1,0.6352678,310
1,3,-0.4,1,0.6327339,310
1,1,1.7,0,0.47428378,310
0,1,-0.1,0,1.1587566,310
0,1,-0.7,0,1.2773956,310
0,3,0,,1.3079573,310
1,1,1.4,0,0.6327339,310
1,1,-0.6,0,1.0575163,310
0,2,0.1,1,1.1587566,310
1,1,-1.2,0,0.5166136,310
1,4,2.2,0,0.8993946,310
0,1,-0.7,0,0.5782888,221
1,4,-0.2,1,0.9296239,221
0,1,1.8,1,0.6862616,221
1,1,1.8,1,2.4360795,221
0,1,1.4,0,1.086912,221
0,1,2.1,1,0.55256695,221
0,2,2,1,1.0707897,221
1,2,1.4,0,0.3605082,221
1,3,0,1,0.5935034,221
1,1,2,1,1.2180398,221
0,0,1.8,0,0.7138841,221
0,0,1.5,0,0.53007823,230
0,1,1.8,0,1.3167977,230
0,2,-0.3,1,1.1587566,310
0,1,-0.7,0,1.3877351,310
1,4,0.4,0,0.7687539,310
1,2,-0.7,1,2.0666652,310
1,0,1.6,1,0.94866437,310
0,0,-0.2,0,0.8720012,310
0,1,0.2,0,1.2706652,310
0,4,-0.5,1,1.2706652,310
1,3,1.3,1,0.7687539,310
1,4,0.3,0,1.3943884,221
1,0,-0.6,0,1.0333326,310
0,0,0.3,0,0.8720012,310
0,1,2.5,0,0.7316233,310
1,1,1.1,0,0.31633464,310
0,1,-0.7,1,1.2331529,310
1,2,1.7,1,1.9477615,310
1,0,2.4,0,0.44965142,310
1,0,-1.5,0,0.5287042,310
1,1,0.6,0,0.49548534,310
0,0,-0.1,1,0.8720012,310
1,1,-1.4,0,2.0666652,310
0,6,2.2,0,0.5890915,310
0,1,2,0,1.1415687,310
1,2,-0.3,0,0.38433772,310
0,1,1,0,0.4359561,310
1,0,-0.6,0,1.0333326,310
0,3,0,0,1.1587566,310
0,1,-0.5,1,1.1587566,310
1,0,-1.4,0,1.0333326,310
0,4,-0.7,0,1.2773956,310
0,7,1.5,1,0.55256695,224
1,5,-1,1,0.9919488,224
1,3,-0.4,1,0.72109,224
0,2,0.4,0,1.1918821,224
1,6,1.3,0,0.8902249,224
0,4,1.6,1,1.3726633,224
0,1,1.9,1,1.0707897,224
0,2,-0.5,0,0.59588027,224
0,3,-1.1,1,1.1981952,224
1,2,1.8,0,0.8898458,224
0,6,2.3,0,0.6862616,224
1,5,1,0,0.5935034,224
0,4,1.3,0,1.2321565,336
0,0,-0.9,0,1.8496665,310
0,2,2,0,0.4045991,336
1,2,-0.3,0,0.6728136,336
1,0,1.9,1,0.50432664,336
1,4,-0.9,0,0.9919488,224
1,2,0.3,1,0.5935034,224
0,0,0,0,0.8179358,224
1,2,-0.8,1,0.96926445,224
1,3,-0.3,0,0.72109,224
0,2,-0.6,0,1.3016934,224
1,1,-0.3,0,1.0538499,336
1,2,2.2,0,1.0087563,336
0,1,-0.1,0,0.8469003,412
1,3,-1.2,1,1.1221192,412
0,3,1.1,1,1.6938006,412
1,0,1,0,0.61452043,412
0,1,0.1,1,0.8469003,412
1,2,2.2,0,1.1335384,342
0,0,0,0,1.6637366,342
1,2,0.3,1,1.1046584,342
1,1,0.5,1,0.8651314,342
1,0,-0.4,0,0.6710645,342
1,3,1.9,1,1.1335384,342
1,5,0.9,1,1.2976528,342
1,1,0.7,0,0.82846564,342
1,0,0.9,0,0.5523292,342
1,1,-0.8,1,0.9231324,342
1,1,-0.6,0,0.9231324,342
1,1,1,1,0.5523292,342
1,4,-0.2,0,0.8651314,342
1,1,-0.6,0,1.0085576,342
1,1,1.8,0,0.41401416,342
1,2,1.5,0,0.82811284,342
0,2,1.1,0,1.0115076,342
1,1,0.1,0,0.82846564,342
1,1,1.7,1,1.242127,342
0,0,0.7,1,1.5223832,342
0,0,-0.5,0,0.38055697,342
1,1,1,0,0.82846564,342
1,2,1.7,1,0.78510404,342
1,1,-0.3,0,0.5523292,342
1,3,-0.1,0,0.8651314,342
1,3,-0.6,0,0.4509649,342
1,0,-0.6,1,0.9020218,342
1,1,-1.5,0,0.9231324,342
1,2,2.4,1,0.82811284,342
1,2,-0.9,0,0.4615191,342
0,0,0.3,0,0.7611916,342
1,1,1.8,0,0.78510404,342
0,3,0.8,0,0.5545411,342
0,0,0.7,0,0.5545411,341
0,0,-0.3,0,1.1091955,341
0,0,1.8,0,1.277435,341
1,2,-0.6,1,1.0085576,341
1,0,1.1,1,0.82846564,341
1,0,1.8,0,0.6338616,341
1,1,-0.3,0,0.6710645,341
0,6,-0.1,0,1.1091955,341
0,3,-0.1,0,1.1091955,341
0,2,2,0,1.277435,341
1,0,0.9,0,0.5523292,341
0,3,1.3,0,1.1254014,411
0,4,0.8,0,0.5626433,411
1,2,0,0,0.9625435,411
0,3,1.4,0,0.8469003,411
1,3,-0.6,1,1.0035877,411
1,2,1.8,1,0.92135674,411
0,1,2.2,0,0.739164,411
0,0,0.3,0,0.42340693,411
1,1,2,0,0.92135674,411
1,2,-0.5,0,0.61452043,411
1,1,0.5,0,1.2290409,411
1,3,2.1,1,0.92135674,411
0,1,-1.5,0,1.07645,342
1,2,0.5,1,0.43252152,342
1,0,0.7,0,0.82846564,342
1,0,0.2,1,0.5523292,342
0,0,2.5,0,1.4212717,411
0,0,1.5,0,0.739164,411
0,1,0,0,1.1254014,411
0,2,-1.1,0,1.3477887,411
0,1,1.2,0,1.6938006,411
0,0,-0.5,0,0.42340693,411
0,2,1.6,0,1.4212717,411
0,1,0.4,0,0.8469003,411
0,2,1.6,0,0.739164,411
0,0,-1.5,0,1.3477887,411
1,1,0.9,0,0.61452043,411
1,3,-0.8,0,1.0035877,411
1,1,-0.5,0,0.61452043,411
1,1,0.9,0,1.2290409,411
0,1,1.5,0,0.7105633,411
0,1,1.4,0,0.8469003,411
1,2,-0.5,0,0.61452043,411
0,2,-0.1,0,0.8469003,411
0,1,-0.9,1,1.3477887,411
0,0,-0.5,0,1.2340887,411
1,2,-1.5,0,2.0071754,411
1,1,-0.5,0,0.30722886,411
0,1,0.9,0,1.2340887,411
0,2,2.1,0,0.7105633,411
1,0,2,0,1.2611725,411
0,1,1.3,0,1.2703073,411
0,1,2.5,0,1.1087083,411
1,0,-0.7,0,0.51348525,411
0,3,1.6,0,0.57213426,411
0,1,1.8,0,0.36954427,411
0,2,-0.4,0,1.1254014,411
1,1,0.6,0,0.61452043,411
1,0,-1.1,0,1.0035877,411
0,0,0.7,0,0.8469003,411
1,0,1.6,0,0.43670803,411
1,2,1.5,0,0.63052195,411
1,3,0.5,0,0.37327442,411
1,0,2.1,0,0.46063137,411
0,1,1.1,0,0.8469003,411
0,1,1.2,0,2.4681773,411
0,1,-0.4,0,1.2340887,411
0,1,-1.2,0,1.2406254,411
1,2,0.3,0,0.74662507,411
1,4,1.8,0,0.92135674,411
0,3,1.2,0,1.2703073,412
0,3,1.7,0,0.739164,411
0,0,-1.1,0,1.1976562,411
1,0,0.1,0,1.4437661,411
0,0,0.9,0,1.1254014,411
1,3,2.4,0,0.92135674,411
0,1,-1,0,1.3477887,411
1,1,0.6,0,1.1198995,411
0,1,1,0,1.6938006,411
0,1,1.9,0,0.57213426,411
0,0,1,0,1.2703073,411
0,3,0.5,0,1.2703073,411
0,1,1.8,0,1.4212717,411
1,3,1.7,0,1.2611725,411
1,0,1.6,0,0.92135674,411
0,4,2.3,0,0.57213426,411
1,4,1.8,0,0.87350523,411
1,2,0.8,1,0.74662507,411
1,1,-0.3,0,0.61452043,411
1,1,-0.5,0,0.9625435,411
1,2,-0.1,0,0.9625435,411
1,2,-0.5,0,0.9625435,412
0,0,1.1,0,1.2340887,412
0,1,0.1,0,1.1254014,412
0,1,-0.7,0,0.67382556,412
0,1,2.5,0,1.4212717,412
1,1,-0.2,0,0.9625435,412
0,1,-0.9,0,1.2406254,412
1,0,1.9,0,0.92135674,412
1,3,0.9,0,1.925087,412
0,1,0,0,0.8469003,412
0,2,-0.8,,1.3477887,412
1,1,-0.4,0,0.9625435,412
0,2,-1.1,0,1.2406254,412
0,0,2.4,0,1.4212717,412
0,0,1,0,1.85107,412
1,0,1.2,0,0.61452043,412
1,0,1.5,0,0.92135674,412
0,1,-0.1,0,0.42340693,412
0,2,-0.6,0,1.1976562,412
0,2,2.3,0,0.36954427,412
1,0,1.5,0,0.92135674,412
0,1,0.7,0,1.85107,412
1,1,-0.7,0,1.0035877,412
1,3,0,0,0.9217493,412
0,1,-0.4,,0.8469003,412
1,0,-1,0,1.0035877,412
1,1,1.8,0,0.92135674,412
0,0,0.7,0,0.8469003,412
1,0,-0.5,0,0.9625435,412
0,1,0,0,1.1254014,412
1,2,2.3,0,0.92135674,412
0,1,2.1,0,0.739164,412
1,0,0.4,0,0.9625435,412
0,2,2,0,1.4212717,412
0,3,0.8,0,2.4681773,412
0,2,0.5,0,1.2703073,414
0,0,1.9,0,0.85817224,412
1,1,1,0,0.9217493,412
0,1,0.8,0,1.6938006,412
0,2,1.6,1,1.4212717,412
0,2,-0.3,0,1.1254014,412
1,2,2.3,0,0.92135674,412
1,0,-1,0,1.1221192,412
0,1,0.6,0,1.2340887,412
1,0,2.4,0,1.8427135,412
1,1,-1.2,0,1.0035877,412
1,1,0.3,0,0.9217493,413
1,2,1.8,0,0.92135674,413
1,3,0.9,0,0.74662507,413
1,2,-0.3,0,0.61452043,412
1,2,1.3,1,0.61452043,412
1,1,0.9,0,0.9625435,412
0,1,-0.5,0,1.1254014,412
0,2,-1.2,0,1.3477887,412
0,0,-0.2,0,0.6169814,413
1,0,-0.6,0,1.1221192,413
0,0,0.9,0,1.2340887,413
0,1,-0.8,0,1.2406254,413
1,1,1.7,0,0.63052195,413
1,0,2.2,0,1.8427135,413
0,1,-0.4,0,1.1254014,413
1,0,0,0,0.61452043,413
0,2,1.4,0,1.2340887,413
1,1,-0.2,0,0.9625435,413
0,5,-0.4,0,1.1254014,413
0,1,-0.2,0,1.2340887,413
0,3,1.8,0,0.28603795,413
0,0,1.9,0,1.1087083,413
0,1,-0.8,0,1.2406254,413
0,1,1.8,0,0.85817224,413
1,1,-0.7,0,1.0270754,413
1,0,0.3,0,0.9217493,413
1,2,-0.3,0,0.61452043,413
1,0,-0.5,0,0.48122263,413
1,1,1.4,0,0.61452043,413
0,3,-1,0,1.3477887,413
1,6,1.4,0,0.74662507,413
1,0,0.7,0,0.61452043,413
0,3,1.4,0,1.85107,413
0,6,1.9,0,1.4212717,413
0,0,-0.1,0,1.2340887,413
0,1,-0.6,0,0.6507803,224
1,3,-1.1,0,0.9919488,224
1,0,-0.4,1,0.9296239,224
0,2,0.9,1,1.6358716,224
1,2,-1.3,1,1.083742,224
0,1,1.7,0,2.7453265,224
1,1,-0.9,0,0.96926445,224
0,1,2,0,0.36954427,413
0,0,2.3,0,0.739164,413
1,1,-0.4,0,0.9625435,413
1,1,0.6,0,0.30722886,413
1,0,0.2,0,0.74662507,413
1,4,1.5,0,1.8427135,413
0,3,2.2,0,0.739164,413
0,2,2.1,0,1.1087083,413
0,5,2.3,0,1.4212717,413
1,1,-1.5,0,1.0035877,413
1,5,0.5,0,1.5362697,413
0,0,1.2,0,1.2703073,413
0,0,-1.3,0,1.3477887,413
1,1,1.2,0,0.9217493,413
1,1,0.8,0,1.2290409,413
1,0,-0.4,0,0.9625435,413
0,2,1.2,0,2.4681773,413
0,3,2,0,0.57213426,413
0,0,-0.4,0,0.8469003,413
0,2,-0.8,,1.3477887,413
1,4,-0.5,0,0.74662507,413
0,0,-0.8,0,1.2406254,413
0,2,-0.5,1,1.1254014,413
0,1,1.9,0,0.57213426,413
1,0,-1.2,0,1.1221192,413
0,4,1.1,0,1.6880447,413
1,3,-1.2,0,0.50174266,413
1,2,-1.5,0,1.0035877,414
1,2,1.4,0,0.61452043,414
0,1,0,0,0.42340693,414
0,0,-1,0,1.3477887,414
1,6,0.1,0,1.925087,414
1,1,0.4,0,1.925087,414
0,2,0.3,0,2.4681773,414
0,2,-0.1,0,1.2340887,414
0,2,0,0,0.8469003,414
0,3,0.9,0,2.2508028,414
1,0,-1.1,0,1.1221192,414
1,1,2.2,0,1.8427135,414
0,1,1.5,0,1.4212717,414
1,0,1.2,0,0.9217493,414
1,0,0.7,0,1.4437661,414
1,1,1.8,0,1.3819882,414
1,2,-0.8,0,1.0035877,414
1,0,-0.9,0,1.0035877,414
1,1,1.6,0,0.92135674,414
0,6,1.2,0,1.1254014,414
0,0,-0.6,0,1.1976562,414
1,1,0.1,0,0.9625435,414
1,0,0.8,0,0.9217493,414
0,0,1.6,0,0.739164,414
0,4,1.9,0,0.57213426,414
1,0,-0.9,0,1.0035877,414
0,1,2.2,0,0.739164,414
1,4,0.7,0,2.4063096,414
0,0,-0.2,0,1.2340887,414
1,1,2.2,0,0.43670803,414
0,2,0.2,0,1.2340887,414
1,2,0,0,0.74662507,414
1,0,-0.9,1,1.1221192,414
0,2,2.3,0,0.739164,414
1,2,-0.1,0,0.9625435,414
1,0,-1.4,0,1.0270754,414
1,0,-1.5,0,1.0035877,414
1,0,-0.1,0,0.61452043,414
0,3,-0.1,0,0.8469003,414
0,3,2.1,0,0.85817224,414
0,1,-0.2,0,0.8469003,414
1,0,1,0,0.61452043,414
0,1,1.1,0,1.85107,414
1,1,-0.1,0,0.9625435,414
0,2,-0.1,0,1.2340887,414
1,7,-0.4,0,0.74662507,414
0,4,-0.2,0,1.2340887,414
0,7,-0.3,0,0.8469003,414
1,0,-0.7,0,1.1221192,414
0,3,2.4,0,0.57213426,414
1,0,0.7,0,0.30722886,414
1,1,0,0,0.9625435,414
1,0,-1.1,0,1.1221192,414
1,5,1.2,0,0.61452043,414
0,2,0,0,0.8469003,414
0,1,-0.8,0,1.3477887,414
1,2,-0.7,0,1.0035877,414
1,4,0,0,0.9625435,414
0,1,0,0,1.2340887,414
1,2,1.5,0,1.2611725,414
0,4,2.2,0,0.28603795,414
0,3,-1,0,1.7964232,414
0,2,2.2,0,0.739164,414
1,2,2.5,0,0.92135674,414
1,0,-0.4,0,0.5816453,421
1,0,0.3,0,0.45547858,421
1,2,2.4,0,0.4359889,421
1,0,1.7,0,1.1937034,421
1,0,0.5,0,0.91105014,421
0,1,0.1,0,1.1254014,413
1,4,0.2,1,0.74662507,413
0,2,0,0,0.6169814,413
1,0,-0.2,0,0.61452043,413
1,1,0.1,0,0.61452043,413
1,1,1.1,0,0.29079297,421
1,0,2.1,0,0.8267752,421
1,0,-0.3,0,0.91105014,421
1,0,1.3,,0.5816453,421
0,2,-0.4,0,1.1680685,421
1,0,1,0,0.5816453,421
1,0,2.4,0,0.8720668,421
1,2,0.6,0,1.059988,421
0,3,0.1,0,0.80159354,421
1,4,-0.5,0,0.29079297,421
0,1,0.6,0,0.40075588,421
1,0,-1.5,0,1.0620891,421
0,1,1.2,0,2.003943,421
0,3,1.6,0,0.34977472,421
0,0,-1,0,1.2756858,421
0,2,-0.4,0,1.1680685,421
1,1,1.3,0,0.8724383,421
1,2,0.3,0,0.91105014,421
1,3,2.2,0,0.4359889,421
0,0,-1.1,0,1.2756858,421
1,0,-0.5,0,0.91105014,421
0,2,2.2,0,0.54152673,421
0,1,-0.8,0,0.5870678,421
1,2,2,0,0.8720668,421
1,1,0.5,0,0.70668274,421
1,1,-0.6,0,0.9498987,421
0,1,1,0,1.6031871,422
1,0,-0.8,0,1.0620891,422
1,0,0.2,0,0.91105014,422
0,6,2.2,0,0.54152673,422
0,1,2.3,0,0.6996208,422
0,1,-0.4,0,1.1680685,422
1,1,2.4,0,0.8720668,422
0,2,-1,0,0.67382556,414
1,1,0.6,0,1.4540837,422
1,1,-0.9,0,1.0620891,422
0,3,2.4,0,0.6996208,422
0,1,-0.7,0,0.5870678,422
1,0,1.5,0,0.8720668,422
0,0,1.5,0,0.6725502,422
0,0,-1.5,0,0.6377778,422
0,0,0.5,0,0.80159354,422
0,2,2.5,0,0.6996208,422
0,1,0,0,1.0651957,422
1,2,-0.2,0,0.91105014,422
1,1,-0.3,0,0.91105014,422
1,1,1.4,0,0.5816453,422
1,1,-1.1,0,1.0620891,422
1,1,1.2,0,0.8724383,422
1,2,-1.1,0,0.97212976,422
0,2,1.5,0,1.0830535,422
0,2,0.5,0,1.0651957,422
1,1,-0.9,0,1.0620891,422
1,3,-0.6,0,0.9498987,423
0,2,1.9,0,1.3452376,423
1,2,0.4,0,0.5816453,423
0,0,2.3,0,0.6996208,423
0,4,0.2,0,1.0651957,423
1,6,1.3,0,0.91105014,423
1,3,0.3,0,0.5816453,423
1,0,2,0,0.8720668,423
0,0,0.8,0,2.336137,423
1,0,1,0,0.91105014,423
0,2,-0.6,0,1.1742554,423
1,2,2.3,1,0.8720668,423
0,0,2.2,0,1.0493956,423
1,0,0.4,0,1.3665287,423
0,0,-0.6,0,0.6377778,423
0,0,1.5,0,2.017788,423
1,2,1.6,0,1.1937034,423
0,0,-0.2,0,1.0651957,423
0,1,-0.7,0,0.5667347,423
0,0,-1,0,0.6377778,423
1,2,-0.1,0,0.91105014,423
1,0,1.8,0,0.8720668,423
1,0,-0.5,0,0.91105014,423
0,1,2.2,0,0.6996208,423
0,2,-1.1,0,0.5870678,423
1,1,-1.3,0,0.97212976,423
0,2,-0.8,0,1.133585,423
1,1,-0.6,0,0.9498987,423
0,0,0.5,0,1.0651957,423
1,1,0.5,0,0.5816453,423
1,2,2.3,0,0.8720668,423
1,2,-0.2,0,0.3533053,423
1,0,1.7,0,1.3080558,423
0,0,0.2,0,0.80159354,423
1,1,-0.9,0,1.0620891,423
0,2,0.1,0,0.80159354,423
0,4,2.4,0,0.54152673,423
1,3,0.5,0,1.8221003,423
0,1,2.4,0,0.6996208,423
1,3,1.6,0,1.1937034,423
1,0,0.6,0,1.3665287,423
0,0,1.6,0,2.017788,423
0,1,0.4,0,1.1680685,423
0,2,-0.5,0,0.5325435,423
1,2,1.3,0,0.29079297,423
0,0,2,0,0.34977472,423
1,2,1.8,0,0.4359889,423
1,3,0,0,0.45547858,423
1,2,-0.2,0,0.5816453,423
1,1,0.4,0,0.8724383,423
1,2,1.4,0,0.5816453,423
0,1,-0.6,0,1.2756858,423
0,0,-0.7,0,1.2756858,423
1,0,0.6,0,1.4133655,423
0,1,0.3,0,1.2023494,423
0,2,-1.3,0,1.2756858,423
0,3,2.2,0,1.3452376,423
0,4,0.8,0,0.5325435,423
1,0,0.6,0,0.5816453,423
1,1,0.3,0,1.3665287,423
1,1,0.1,0,0.91105014,423
1,0,-0.4,0,0.91105014,423
0,0,-0.3,0,0.80159354,423
1,0,2.2,0,1.7904943,423
0,1,-0.1,0,1.2023494,423
0,0,2.5,0,0.6996208,423
0,3,-1,0,1.2756858,423
1,2,-0.1,0,0.91105014,423
0,1,0.7,0,0.80159354,423
1,1,1.5,0,0.8720668,423
1,2,-1.5,0,0.49592376,223
0,2,0.6,0,2.3837643,223
0,2,0.5,0,1.086912,223
0,1,-0.9,0,1.1981952,223
1,1,0,0,0.9296239,223
0,1,-0.7,0,0.5782888,223
1,2,2.1,0,0.8898458,223
0,6,1.6,0,0.55256695,223
0,2,0.8,0,1.226862,223
0,0,1.7,,0.7138841,223
0,1,-1,0,1.1566956,223
1,1,0.2,0,0.9296239,223
1,3,1.5,0,1.2180398,223
1,2,0.2,0,0.72109,223
1,0,1.9,0,1.1937034,421
0,1,-0.1,0,0.58397466,421
0,1,-1.4,0,1.2756858,421
0,1,-1.1,0,0.5667347,421
0,1,1.7,0,0.7138841,223
0,1,0.5,0,2.3837643,223
1,1,-1.5,0,0.96926445,223
0,0,1.9,0,1.0707897,223
1,0,1.9,0,0.8898458,223
0,0,0.6,0,1.7877624,223
1,3,0.1,0,0.4647645,223
0,1,0.5,0,0.8179358,223
1,0,0.4,0,1.1870068,223
0,1,2.3,0,1.3726633,223
1,0,-0.7,0,0.96926445,223
1,1,-0.6,0,0.96926445,223
1,0,1.8,0,1.8269974,224
1,3,0.7,1,0.8902249,223
1,3,-0.3,0,0.72109,223
1,1,0.3,0,0.8902249,223
0,0,1.9,0,0.7138841,221
1,5,-0.1,0,0.72109,221
1,1,2.2,0,0.8898458,221
1,2,-1,1,0.9919488,221
0,3,0.3,0,1.1918821,221
0,1,-0.4,0,0.8179358,221
1,5,-0.5,1,0.3605082,221
0,2,1.8,0,1.3726633,221
1,2,2.1,0,1.2180398,221
0,3,0.3,1,2.173824,221
1,2,0.7,1,0.8902249,221
1,2,-1.1,1,0.96926445,221
1,1,-0.1,0,0.72109,221
0,3,-1,0,0.59903646,223
0,1,0.4,0,0.59588027,223
1,0,0.9,0,0.72109,223
0,1,0.6,0,1.086912,223
1,4,1.3,1,0.5935034,223
1,0,1.9,1,1.2180398,223
0,0,-0.9,0,1.3016934,223
0,1,1,0,0.8179358,223
1,1,-0.7,0,1.083742,223
0,1,-0.6,0,1.3016934,223
1,0,2.1,0,1.2180398,223
1,2,-1.1,0,0.9919488,223
1,3,0.9,0,0.8902249,223
0,2,2.3,0,0.27625528,223
1,3,1.5,0,1.2654032,223
0,1,0.4,0,1.7877624,223
1,1,0.7,0,1.8592478,223
0,1,-1.4,0,1.1981952,223
1,1,0.9,0,1.0815983,223
1,1,0,0,0.8902249,223
1,0,0.8,0,0.29672143,223
0,1,2.3,0,1.3726633,223
1,0,1.9,0,1.2180398,223
0,1,2.4,0,0.7138841,223
0,2,2.2,1,1.3726633,223
0,1,0.3,0,1.086912,223
0,0,0.2,,1.6303126,223
1,4,0.1,0,0.9296239,223
1,1,1.2,0,0.9296239,223
0,0,-0.5,0,0.8179358,223
0,1,1.6,0,0.55256695,223
1,1,-0.4,0,0.5935034,223
1,2,0.4,0,1.0815983,223
1,4,-0.1,0,0.9296239,223
0,0,0.7,0,0.40892616,223
1,2,1.2,0,0.5935034,223
1,0,-1.1,0,0.96926445,223
1,0,0,0,0.9296239,222
1,1,0.7,0,1.3943884,222
0,0,-0.3,0,1.1918821,222
0,1,2.2,0,1.3726633,223
1,1,1.6,0,1.2180398,223
1,6,-0.2,0,0.9296239,223
0,3,0.8,0,0.40892616,222
0,0,-0.8,0,1.3016934,222
1,1,1.4,0,0.9296239,222
0,3,-0.3,1,1.086912,222
0,2,0.6,0,1.086912,222
1,1,-0.5,0,0.29672143,222
0,0,0.6,0,1.086912,222
1,1,-0.8,0,0.96926445,222
1,0,-0.9,0,0.96926445,222
0,3,-0.5,0,1.1918821,222
1,2,1.7,0,0.8898458,222
0,1,2,0,0.55256695,222
1,4,1.8,0,0.8898458,222
0,3,0.9,1,1.086912,222
0,0,0.9,0,0.40892616,222
0,2,-0.9,,1.3016934,222
1,1,0.6,0,0.8902249,222
1,2,-0.6,0,0.49592376,222
0,0,-1.1,0,1.3016934,222
0,0,2.4,1,0.7138841,222
1,2,1.6,1,0.8898458,222
1,2,2.5,0,0.8898458,222
1,4,-1,0,0.9919488,222
0,4,-1.3,0,1.3016934,222
1,4,2.3,0,1.2180398,222
0,1,-0.9,0,1.1981952,222
1,4,2,0,1.2180398,222
1,3,-0.6,0,0.96926445,222
1,1,1.3,0,0.29672143,222
1,1,2.5,0,0.8898458,222
1,1,0.5,0,1.4837283,222
1,2,0.7,0,1.1870068,222
0,0,-0.1,0,1.1918821,222
0,7,2.4,0,0.55256695,222
1,1,1.3,0,0.29672143,222
0,0,0.6,0,1.1918821,222
1,0,-1.1,0,0.96926445,222
0,1,1.9,0,0.27625528,222
1,0,2.5,1,0.8898458,222
0,2,2.3,0,0.55256695,222
0,3,-0.8,0,1.3016934,222
1,1,-0.5,1,0.5935034,222
1,2,-0.2,0,0.5935034,222
1,1,1.8,1,1.7796916,222
0,1,-0.2,0,0.8179358,222
0,3,1.5,0,0.55256695,222
0,4,0.3,0,0.5434005,221
0,3,0,0,1.1918821,221
0,1,0.4,1,0.59588027,221
0,0,0.8,0,0.40892616,221
1,3,1.9,1,0.8436308,221
1,3,-0.3,0,0.9296239,221
1,0,0.5,1,1.1870068,221
1,0,-0.8,0,0.5418157,221
0,1,-0.5,0,0.59588027,221
0,3,2.3,1,0.55256695,221
1,2,1.6,0,0.44487748,221
0,4,-0.2,0,1.6303126,221
0,2,1.2,0,0.59588027,221
0,2,0.9,0,0.40892616,221
1,2,0.4,1,1.44218,221
0,1,0.8,1,1.1918821,221
0,2,1.9,0,0.55256695,221
0,1,1.4,0,0.8179358,221
0,2,1.5,1,1.0707897,221
1,0,0.2,0,0.5935034,221
0,1,2.3,1,0.7138841,221
1,3,2.3,1,0.8436308,221
1,2,0.8,0,1.1870068,221
1,3,-0.4,0,0.9296239,221
1,2,0.3,0,0.637901,212
1,3,-0.1,1,0.31891796,212
1,1,2,1,0.7871881,212
0,4,-1.1,0,1.0599647,212
1,4,-0.7,0,0.85744464,212
0,0,-1,0,1.1515228,212
1,2,0.7,0,1.2335238,212
0,0,1.6,0,0.6070906,212
0,2,2.4,0,0.6315264,212
1,4,2,0,0.7463048,212
1,2,1,0,0.637901,212
1,0,1.4,1,0.26248997,213
1,2,2,0,0.7871881,213
1,2,1.4,0,0.52503353,213
0,1,0,0,0.7235741,213
0,2,1.2,1,0.7235741,213
1,0,2.2,0,0.5387049,213
1,0,0.1,0,0.41114664,213
1,4,0.8,0,0.637901,213
1,0,1.2,0,1.0500671,213
0,0,-0.9,0,1.0232526,213
1,1,-1,0,0.8775119,213
0,1,0.8,0,0.52713615,213
0,4,1.5,0,0.6315264,213
0,0,2.1,0,0.4888197,213
1,0,-0.2,0,0.41114664,213
0,2,1.8,0,0.6315264,213
0,1,-0.8,0,1.0599647,213
0,0,0.4,0,1.0543798,213
1,1,-1.4,0,0.8775119,213
0,1,2.3,0,0.6315264,213
0,0,0.8,0,1.0853243,213
1,3,-0.3,0,0.52503353,213
1,3,2.3,1,1.0775198,213
1,0,-0.3,0,0.8223772,213
1,0,1.4,0,0.52503353,213
0,0,0.7,0,0.7235741,213
0,1,-0.7,,1.0232526,213
0,0,1.6,,0.6315264,213
1,1,-0.4,,0.52503353,213
0,1,0.1,0,1.581516,213
1,0,-0.5,0,0.8223772,213
1,1,0.9,0,0.52503353,213
0,1,0.6,0,0.52713615,213
0,2,-1.1,0,0.5757026,213
0,5,0.7,0,2.1087596,213
1,1,-0.5,0,0.8223772,213
1,0,-0.2,0,0.26248997,213
1,3,-0.7,0,0.8775119,213
0,1,0.8,0,0.9615197,213
1,1,0.2,0,0.8223772,213
1,2,-0.3,1,0.8223772,213
0,0,-0.7,0,1.0232526,213
1,0,-1,0,0.42867857,213
1,3,0.2,0,0.637901,213
0,3,-0.2,0,1.0543798,213
0,0,-0.5,0,1.0543798,213
1,1,-0.1,0,0.52503353,213
0,1,-0.9,0,0.5757026,213
0,3,-0.7,0,1.0599647,213
1,2,-0.2,1,0.41114664,213
0,0,0.6,0,1.0543798,213
1,1,0.6,0,0.41114664,213
1,1,2.3,0,0.7871881,213
0,2,-1,0,1.1515228,213
0,1,-0.1,0,1.0543798,213
1,0,1.1,0,0.26248997,213
0,4,1.5,0,0.4888197,213
0,2,0.2,0,0.9615197,213
1,1,1.1,0,0.637901,213
1,1,-0.3,0,0.8223772,213
1,6,2.1,1,0.7463048,213
0,1,1.9,0,0.6070906,213
0,0,0.6,1,0.7235741,213
0,2,-1.1,1,1.1515228,213
1,1,-0.4,0,0.637901,213
1,1,-1.1,0,0.42867857,211
1,0,0.7,0,0.7875235,211
1,1,-1.1,1,0.85744464,211
1,0,1.5,1,0.3935539,211
1,0,1.8,0,0.3935539,211
1,1,-0.3,1,0.7875235,211
0,1,1.8,0,1.8213956,211
0,0,2.5,0,1.214305,211
1,0,-0.7,1,0.95871544,211
0,2,2.2,0,0.4888197,211
1,2,2.1,1,1.0504591,132
1,2,1.6,1,1.0504591,132
1,3,-1.4,0,1.1709913,132
0,1,-0.2,0,0.36175013,211
0,1,0.7,0,1.4471482,211
1,1,-1.1,0,0.85744464,211
0,1,0.6,1,1.0543798,211
1,2,-0.2,0,0.8512437,132
1,1,0.9,1,1.0974171,132
1,3,1.9,0,0.4979005,132
0,2,2.2,0,0.84273714,132
0,0,-0.1,0,1.283095,132
1,0,0.2,0,0.7006283,132
1,1,0.4,0,0.7006283,132
1,0,1.2,0,0.8512437,132
0,3,1.9,0,0.6523029,132
1,1,-1.5,0,1.7564272,132
0,0,-0.5,0,1.4070117,132
1,1,-0.2,0,0.7006283,132
1,1,0.4,0,1.4012566,132
1,2,2.3,0,1.0504591,132
0,0,1.4,0,0.4827356,132
1,1,0.3,1,1.0509067,132
0,0,2.1,0,0.84273714,133
1,0,-0.9,0,1.2793529,133
0,0,2.3,1,1.6204232,133
1,0,1.8,0,1.0504591,133
1,1,0.8,1,2.1948342,133
1,2,1,1,0.3502784,131
1,0,1,0,0.7006283,133
0,1,0.1,0,1.283095,133
1,1,-0.7,0,1.1442126,133
1,1,-1,1,0.85744464,211
0,4,2.1,1,1.214305,211
1,1,1.3,0,1.2335238,211
1,1,1.8,0,1.5756352,133
1,1,1.3,0,0.8512437,133
1,1,2,0,1.0504591,133
1,1,-0.6,0,0.4387112,211
1,1,2,1,0.7871881,211
1,1,-0.4,0,0.637901,211
1,3,1.3,0,0.31891796,211
1,0,0.2,0,0.52503353,211
0,2,-1,0,1.0599647,211
1,0,0.8,0,1.2335238,211
1,2,-0.6,0,0.4387112,211
0,3,-0.6,0,1.0599647,211
1,2,0.8,0,0.95681894,211
1,1,-0.4,0,0.637901,211
0,1,1.8,0,1.3726633,221
1,0,0.6,1,1.1870068,221
1,2,-0.7,1,0.85744464,211
0,0,-0.3,0,0.7235741,211
1,1,-0.4,0,0.9296239,221
1,2,0.4,1,0.4647645,221
0,1,-1.1,0,1.1566956,221
1,1,-0.4,0,0.9296239,221
0,3,1.9,0,0.6862616,221
0,2,-0.3,1,1.086912,221
1,0,-1.5,0,0.48458278,221
0,3,1,0,1.0543798,212
0,1,0.8,0,2.1087596,212
0,1,0.3,1,1.0543798,212
1,3,2.2,0,1.180742,212
1,1,-1,0,0.96926445,221
0,1,0.5,0,1.226862,221
0,1,0.3,0,0.8179358,221
0,4,-1.2,1,1.3016934,221
1,3,-0.8,0,0.9919488,221
1,3,0,0,0.69174266,230
1,1,0.1,0,1.783579,230
0,2,1.8,0,0.79509026,230
1,0,0.5,0,0.85399395,230
1,0,0.2,0,0.8917895,230
0,0,0.8,0,1.1769303,230
1,0,1.1,0,0.69174266,230
0,0,0.9,0,1.7150029,230
1,1,-1.2,0,0.9298167,230
1,0,1.3,0,0.8223772,211
1,1,-1.4,0,0.95871544,211
0,1,2.1,0,0.4888197,211
1,0,-1.2,0,0.95871544,211
0,0,-0.7,0,1.0232526,211
1,2,-1.1,1,0.95871544,211
1,1,-0.8,1,0.85744464,211
1,4,1.7,1,1.0775198,211
1,2,0.7,1,0.8917895,230
1,2,0.7,0,0.56934863,230
0,1,1.5,0,0.53007823,230
0,0,0.6,0,0.57162875,230
1,2,1.3,0,0.56934863,230
1,3,1.6,1,0.85363024,230
1,2,1.5,0,0.85363024,230
1,1,0.8,1,1.1386973,230
1,5,0.1,1,1.4233426,230
1,2,-1.3,1,1.0396352,230
1,2,-0.4,1,0.8223772,211
0,0,-1.1,0,0.5299282,211
0,1,-0.9,1,1.0599647,211
0,1,-0.2,1,0.9615197,211
1,0,1.2,0,0.8223772,211
1,3,0.1,1,0.48409143,123
0,2,0,0,0.8865404,123
1,1,-0.2,0,0.75824827,123
0,3,0.8,0,1.9443187,123
0,1,0.5,0,0.9721593,123
0,1,-0.8,0,1.061727,123
0,1,-0.6,0,0.94345945,123
1,2,-1.5,0,0.8090836,123
1,2,0.8,0,0.75824827,123
1,2,2.2,0,0.7258032,123
0,3,-1.4,1,1.061727,123
1,2,1.3,0,0.75824827,123
0,2,0.8,0,0.6671498,123
1,1,0.8,0,1.176315,123
1,1,-1.5,0,1.1858313,123
0,1,-0.3,0,0.6671498,123
1,4,2.2,0,0.9934948,123
1,1,1.8,0,0.68810797,121
0,0,-0.5,0,0.8865404,121
1,1,1.1,0,0.48409143,123
1,0,1.8,0,0.7258032,123
1,1,-0.2,0,0.75824827,123
1,3,-0.2,0,0.37908545,123
1,1,2.2,1,0.34401888,123
0,1,-1,1,1.061727,122
1,0,1.2,0,0.24202101,122
1,1,-0.2,1,0.29404873,122
1,1,0.2,0,0.75824827,122
0,1,-0.9,1,1.061727,122
1,0,2.3,0,0.36286458,122
0,0,2,0,0.58228,122
0,1,0.4,1,0.6671498,122
0,0,-0.5,0,0.9721593,121
1,0,-1,0,0.7905811,122
0,0,0.7,0,1.9443187,122
1,1,-0.7,0,0.7905811,122
0,1,-0.8,1,0.9773086,122
1,1,-1.1,1,0.8090836,122
0,2,1.4,1,1.3297653,122
0,1,0.8,1,1.4581894,122
0,3,2.2,0,1.6793633,122
1,0,-1.3,0,0.7905811,121
0,2,0.3,0,0.8865404,121
0,0,1.9,0,0.58228,121
1,2,0.3,0,0.7261124,121
1,1,1.1,0,0.48409143,121
1,4,0.2,0,0.5881575,121
0,1,-0.1,0,0.6671498,121
1,5,0.1,0,0.75824827,121
1,0,2.3,0,0.9934948,121
1,0,2.5,0,0.7258032,121
0,0,2,0,0.58228,121
0,0,0.3,0,0.8865404,121
0,2,-0.3,0,0.8865404,121
0,2,2.5,0,1.1196135,121
1,1,-0.9,0,0.40450048,121
1,2,-0.3,0,0.5881575,121
1,2,2.2,0,0.68810797,121
1,0,0.3,0,0.5881575,121
1,3,-0.5,0,0.48409143,121
0,4,1.1,0,0.44322497,121
0,3,0.6,1,1.3297653,121
1,0,0.6,0,0.48409143,121
0,3,0.6,0,1.3342996,121
0,1,1.6,1,0.45070153,121
0,0,0.2,1,0.9721593,121
1,2,0.5,0,0.48409143,121
0,2,1.1,0,1.0006907,121
1,1,1.6,0,0.68810797,121
1,1,0.3,0,0.48409143,121
1,4,2.2,1,0.7258032,121
1,2,-0.8,0,0.8839548,121
0,1,0,0,0.6671498,121
0,0,1.8,0,1.4556702,121
0,3,-0.3,0,0.6671498,121
1,1,-0.1,0,0.75824827,123
1,0,-0.6,0,0.7905811,123
1,1,-0.6,1,0.8839548,123
1,1,-0.9,1,0.8839548,123
1,1,0,0,0.5881575,123
1,0,0,0,0.7261124,123
1,2,0.4,0,1.1373338,123
0,1,0.2,0,1.3342996,123
1,0,2.5,0,0.7258032,123
0,1,-1.2,0,0.48860443,123
1,3,-1.1,1,0.7905811,121
0,1,-0.8,1,1.5925363,121
0,4,1.5,1,0.87339026,121
0,0,-0.1,1,0.6671498,121
1,0,-1.4,1,0.7905811,121
1,3,-0.6,1,0.8090836,121
1,1,-0.1,1,0.48409143,121
0,4,-0.1,1,0.6671498,121
1,6,1.5,1,0.7258032,121
1,0,-1.4,1,0.7905811,121
1,0,2.5,0,0.7258032,121
1,4,-0.7,1,0.8090836,121
0,1,-0.4,1,1.4070117,131
0,0,0.2,0,1.4070117,131
0,1,2,0,0.7649744,113
1,2,1.7,1,0.9403935,113
1,2,0.5,0,0.51807207,113
0,1,0.8,0,1.992815,113
1,0,1.2,0,0.66157705,113
1,0,1.4,1,0.7006283,131
0,2,2.4,1,0.84273714,131
1,0,1.2,0,0.7006283,131
1,1,1.5,0,1.0504591,131
0,1,0.7,0,1.283095,131
1,0,-0.9,0,1.1442126,131
0,1,0.9,0,1.9311395,131
1,1,1.4,1,0.7006283,131
1,1,-0.6,1,1.0804371,111
0,1,1,0,2.657177,111
0,1,2.1,0,0.79576516,111
1,1,-0.1,0,0.7006283,132
1,2,0,1,0.8512437,132
1,2,-0.8,1,1.1442126,132
1,0,1.7,0,0.99190927,111
1,3,-0.2,0,0.66157705,111
1,0,-0.3,0,0.3307548,111
1,0,1.1,0,1.0362499,111
0,5,0.1,1,1.3285885,111
1,0,0.3,0,0.51807207,113
1,1,-0.6,0,1.208045,113
0,3,2,0,0.79576516,113
0,0,0.4,0,1.2115786,113
0,2,1.5,1,0.79576516,113
0,2,1.4,0,0.6642265,111
1,2,-1.5,1,0.5401634,111
1,0,2.3,1,0.49590403,111
1,1,0.1,1,0.99233186,111
1,1,0.6,0,0.66157705,111
1,0,0.8,0,0.99233186,111
1,1,2.3,0,0.49590403,111
1,1,-0.7,0,1.208045,111
0,1,-0.8,0,1.2893662,111
1,0,2.1,0,1.4878132,111
1,3,0.8,1,1.2056553,111
0,1,1.2,0,1.2115786,111
0,0,1.7,0,0.79576516,111
0,2,-0.5,0,0.6057275,113
0,3,1.6,0,0.3079412,113
1,1,1.3,0,1.2056553,113
0,3,1,0,0.6057275,113
0,5,-1.3,0,0.72542346,113
0,0,2.3,0,0.39784196,113
0,1,-0.6,0,0.6677447,113
0,1,2.4,0,0.6159452,113
1,0,0.3,0,0.80379754,113
0,3,-0.1,1,0.6057275,113
0,0,-0.8,0,1.3356258,113
1,2,2,0,0.6788039,113
1,0,1.8,0,0.49590403,113
1,1,-0.3,0,0.80379754,113
1,0,1,0,0.66157705,113
1,1,-0.1,1,1.5543219,113
0,1,-1.4,0,1.450995,113
0,1,2.4,0,1.1936071,113
1,1,-0.4,0,1.0362499,113
1,1,0,0,1.5543219,113
0,0,0.5,0,0.45582914,113
1,1,1.9,0,0.99190927,113
1,1,2.5,1,1.0504591,131
0,4,-1.3,1,1.450995,113
1,2,0.9,0,2.5905719,113
1,2,1.6,0,0.9934948,121
0,2,-0.8,0,1.450995,113
1,0,2.3,1,0.99190927,113
1,0,2.1,1,0.99190927,112
1,0,1.2,0,0.66157705,112
0,1,-0.7,0,1.3356258,112
1,4,2.2,1,1.3577464,111
1,3,0.5,0,0.99233186,112
0,1,0,0,0.9117514,113
0,1,1.2,0,0.6642265,113
0,0,2.1,0,0.6159452,113
1,0,1.4,0,1.0362499,113
0,5,0,0,0.9117514,113
1,2,-0.2,0,0.80379754,113
